Statistic,Value
min,0.0
max,100.0
mean,62.66129994036971
std,26.0801893799774
