Statistic,Value
min,1.0
max,281.0
mean,79.5070562512423
std,26.418988052842813
